_id,finishedAt,gameLobbyId,treatmentId,roundIds,playerIds,batchId,createdAt
nTaq7p7XrHDaybeiG,2020-12-07T20:08:25Z,nTaq7p7XrHDaybeiG,Z93NtKDeNPRgH8umv,"gMLDQwdy5cRon9zMo,aTFoppu2bPjyturtk,xtKy6nGzgMjZkTTL2",dPwvBKYMWGw7TmXz3,WE2rwCdAEhbsJgvrJ,2020-12-07T19:32:15Z
gY3DcPyeceJDnQ47k,2020-12-08T02:11:02Z,gY3DcPyeceJDnQ47k,Z93NtKDeNPRgH8umv,"kQdnyiyQGGqXuDYv3,4iRTCukGeQQpMoqsj,fDznaS4JYFNRoG6wG",TcvjtxqR7TWAgYxZu,WE2rwCdAEhbsJgvrJ,2020-12-08T01:29:45Z
uxcteTph39NtvJDt6,2020-12-08T02:13:37Z,uxcteTph39NtvJDt6,Z93NtKDeNPRgH8umv,"3hXsEBRLRm3pKaCy7,6edzSnvqaNMwH86FA,itfcPwE5Xhfk9ubH2",YadjpDLjw8eH2wfYH,WE2rwCdAEhbsJgvrJ,2020-12-08T01:31:57Z
mtW8HoHY53SC4ootL,2020-12-08T17:45:13Z,mtW8HoHY53SC4ootL,Z93NtKDeNPRgH8umv,"NjkHAp6MsxinEJtah,8JF3acBoNoSCGFGM8,vL3TMBENRXm2wdAJB",QAQnN8ytWRuhd7z4R,WE2rwCdAEhbsJgvrJ,2020-12-08T17:03:26Z
KswfrJa73MW26kLcC,2020-12-08T22:49:24Z,KswfrJa73MW26kLcC,Z93NtKDeNPRgH8umv,"RSNmqAep44obarGk3,B349zAyoFDAogkeTR,Ftbdf2LCDJzkRRjSq",3hx7B6r4Wschas7XS,WE2rwCdAEhbsJgvrJ,2020-12-08T22:40:53Z
sT6XgTLdFtAcpDQ5h,2021-01-07T23:03:18Z,sT6XgTLdFtAcpDQ5h,Z93NtKDeNPRgH8umv,"Ps6wTEWB7xmk3cw62,AmcReMpZLgtXpoAbn,g2uJj5YPun93QxsbL",4MPvNkm8v4xAJju9t,d6euEXfMzuGFvEWEY,2021-01-07T23:01:41Z
55KDGdAipRvDhNYew,2021-01-09T05:27:48Z,55KDGdAipRvDhNYew,Z93NtKDeNPRgH8umv,"8ztdaxZSPRG9SwuXF,5LGXj8n6ZFktLfK2R,zg3jZPs9o67zcLPyj",ZrNQZKfR7a6uJxyoE,d6euEXfMzuGFvEWEY,2021-01-09T05:25:39Z
Fhnyk262CktoS4dsA,2021-01-12T23:28:19Z,Fhnyk262CktoS4dsA,Z93NtKDeNPRgH8umv,"JkEqcAySLeRTkKDhB,CSFHaWs3SRWRhvW4x,h2PSZCprd4ZrmeaK9",deMjsNCw25cSvemyA,d6euEXfMzuGFvEWEY,2021-01-12T22:44:17Z
5diRT8qKYgkXTgqwg,2021-01-14T00:34:57Z,5diRT8qKYgkXTgqwg,Z93NtKDeNPRgH8umv,"iCxRcGD78jnGxmarb,kBcqXCFT5LHjZuKDG,apR8J4zYTpTjbXTGp",NrmKWbfnAkiLqT4MH,d6euEXfMzuGFvEWEY,2021-01-14T00:34:57Z
jpBMYcc9mrCaRLZfW,2021-01-14T00:35:44Z,jpBMYcc9mrCaRLZfW,Z93NtKDeNPRgH8umv,"zgamRDv2CErGv2Yco,cTTW2Hobs2NsMvD7t,sKYkNpGjhHrfsqokj",JhgQ2jRkf6QRmTxKX,ACkB5nrp82SXF7Q5h,2021-01-14T00:35:44Z
bfHDF77nhaiFR2MZg,2021-01-14T01:15:48Z,bfHDF77nhaiFR2MZg,Z93NtKDeNPRgH8umv,"P37tnMwchpt2WnFcd,an9vGAxNzL32F23zo,q8iX6i48EukEf8kPk",xnToMAE8miYnhaPrm,pmj3TTpWXrR6pd52N,2021-01-14T00:37:50Z
GaSYbLc4K9tJNd8sX,2021-01-15T02:50:05Z,GaSYbLc4K9tJNd8sX,Z93NtKDeNPRgH8umv,"euMLqdq7LQW25EbLY,s34zkZghSahAkPRdg,ERRtFEZkWg9hQiza9",hSWJLJvoAsurJiAtS,pmj3TTpWXrR6pd52N,2021-01-15T02:09:02Z
dnkRGrtEZpKou8jFk,2021-01-15T18:55:03Z,dnkRGrtEZpKou8jFk,Z93NtKDeNPRgH8umv,"w6wdtRDpG6Mf3di9B,wZ7ARkdnmhzH5CBpA,qc2hJi5fkgoeMb7zW",y69TCCskd2eBvHigm,pmj3TTpWXrR6pd52N,2021-01-15T18:17:50Z
2Xs2eH2QHSJrCcq4F,2021-01-15T19:02:21Z,2Xs2eH2QHSJrCcq4F,Z93NtKDeNPRgH8umv,"8ssz4HNem7vNAyxb5,W5SLAmAD7Yop2hGxP,5h5sxSoCvrucwTPdr",PYgXGmd624L4SKks2,pmj3TTpWXrR6pd52N,2021-01-15T18:21:42Z
Csgw7bbPBccue2A9M,2021-01-15T22:47:01Z,Csgw7bbPBccue2A9M,Z93NtKDeNPRgH8umv,"rEDxyBwJrY9wrRhAB,MLTKJ7o5xPGv5EdYM,F956kJrSCzhgt7b4n",syxhCWDuthe7GGWZd,pmj3TTpWXrR6pd52N,2021-01-15T22:06:15Z
vagwYs2QmP39CxExx,2021-02-02T00:48:53Z,vagwYs2QmP39CxExx,Z93NtKDeNPRgH8umv,"fjBCzBkyqcr7jwrfc,PWyLGSJo5qXYopYis,DAv3pQwkipWMy6D5D",g9cATJdmEfGFQDCfi,pmj3TTpWXrR6pd52N,2021-02-02T00:44:28Z
7z7Q5BdBQ4goGAZuC,2021-02-02T18:11:31Z,7z7Q5BdBQ4goGAZuC,Z93NtKDeNPRgH8umv,"S2P4zQenuCcC2EPiY,JQeMWdEMRaSfYCKh7,gGwaS47RzAtp76rvj",NQN2MtSAaT96vg3aC,pmj3TTpWXrR6pd52N,2021-02-02T18:05:59Z
5CgaAFHEegx2d5JFR,2021-02-18T00:14:45Z,5CgaAFHEegx2d5JFR,Z93NtKDeNPRgH8umv,"gWuJoJNDrrn3phoo3,2v9ecBv5KPJAtWfNR,yLm3Z7tNZhymS4ZM8",4aNqiQKGDiu2Fivmy,pmj3TTpWXrR6pd52N,2021-02-18T00:13:22Z
HwaTxmdijHNdrvS3b,2021-02-18T00:33:27Z,HwaTxmdijHNdrvS3b,Z93NtKDeNPRgH8umv,"Qh7FpBDK6oA5aByXC,q6eCM6pFyfXEzTxvE,Y9cHXGoqCBkTjcCKf",9xyjtLuWbRwzSWLjP,PMZ6tqnCYGkRiZ9iK,2021-02-18T00:27:34Z
yJDfex3oNG4FTe4g8,,yJDfex3oNG4FTe4g8,iAh7aAgjjQBsweokZ,"G6dbe3ci9m3vAd3wK,Gf8wfj3pQybQxAPep,B2wM4TAdqFNuQpHrv",wzysQZzt92jWKbyzZ,cgj5CznyDmg2DWEAq,2021-02-18T22:49:52Z
QYwAfkmRvdyRKf28p,2021-02-18T23:18:49Z,QYwAfkmRvdyRKf28p,iAh7aAgjjQBsweokZ,"fBcpCGXHuYzibkFNQ,F7EYFAMmDqP5njoDS,sgY3csnrndKFhy2dM",ZdZyDCxrW7FxFbcCr,YcGKC9hSM7MWdczsa,2021-02-18T23:10:15Z
4SddK6tt97EzRLHSv,,4SddK6tt97EzRLHSv,Z93NtKDeNPRgH8umv,"uGHKZG7Ek2popMSBp,jismTHrKeHPCyacrD,aGNoFcFgQFHofYpLK",NJiqgRzJ3hr4v2JTm,Jcg8YwWTS66XPrCiQ,2021-02-24T20:20:58Z
ay8xERozaMPdryX2R,,ay8xERozaMPdryX2R,Z93NtKDeNPRgH8umv,"z2tB7spzanR3ec8LS,oRXxGazpoiq4wZstn,kybcg69xy292bLS9D",4ksJ7DZP4iBXF4Da7,GaEPxoTCJuqEq88pA,2021-02-24T20:25:28Z
zwPfGZpgdEoBbp979,2021-02-24T21:54:12Z,zwPfGZpgdEoBbp979,iAh7aAgjjQBsweokZ,"DmXtsFZCwnEXPWAcn,RJ5QKEW7hnvRjHSXM,jyDqFgJiGvGeGgqYJ",CWSrfr3itwQ7KxyfG,ezywBTjrcLxgzyc2S,2021-02-24T21:47:53Z
hs7Gp65LEva7f6ZmX,2021-02-26T01:54:34Z,hs7Gp65LEva7f6ZmX,BWtbBuueB5CXWPqvC,"6zozeKYug9sSGJegg,t4LePYQqnfMc8YSYT,KfB82RSYLxm7XixxW",5QQAjdfa2drTmCDMP,9693LiCPjD9oenCYB,2021-02-26T01:41:28Z
Xjh7vKZyEceeje87C,2021-02-26T02:20:59Z,Xjh7vKZyEceeje87C,BWtbBuueB5CXWPqvC,"ZMH2n32mQQQScAy5Y,PCdjeByT5jgs3h4GK,7WDSiKaytvuMrd9GT",Du9HeanRES8taCRRC,QHdPRXrRzznaKzmrn,2021-02-26T02:12:36Z
7bDWXL9ES5birvPan,2021-02-26T02:53:41Z,7bDWXL9ES5birvPan,BWtbBuueB5CXWPqvC,"dqXwvcnQQYgW3qr5u,YkJX8982ADC9NmB3t,naZCp92ybNDwdFiEF",9Y5nozah5arqWEESm,QHdPRXrRzznaKzmrn,2021-02-26T02:48:54Z
